{"cameraMode":{"drawMode":0,"name":"Shaded","section":"Shading Mode"},"sceneLighting":true,"audioPlay":true,"sceneViewState":{"showFog":true,"showMaterialUpdate":true,"showSkybox":true,"showFlares":true,"showImageEffects":true,"showParticleSystems":true},"in2DMode":false,"pivot":{"x":23.646099090576173,"y":-21.092187881469728,"z":34.721961975097659},"rotation":{"x":-0.430233359336853,"y":-0.14367367327213288,"z":0.07078444957733154,"w":-0.8892216682434082},"size":19.24456787109375,"orthographic":false}