{"cameraMode":{"drawMode":0,"name":"Shaded","section":"Shading Mode"},"sceneLighting":true,"audioPlay":false,"sceneViewState":{"showFog":true,"showMaterialUpdate":true,"showSkybox":true,"showFlares":true,"showImageEffects":true,"showParticleSystems":true},"in2DMode":false,"pivot":{"x":83.06170654296875,"y":-68.49446868896485,"z":94.8255615234375},"rotation":{"x":0.3162012994289398,"y":0.23543119430541993,"z":-0.08368134498596192,"w":0.9164525866508484},"size":62.233421325683597,"orthographic":false}