{"cameraMode":{"drawMode":0,"name":"Shaded","section":"Shading Mode"},"sceneLighting":true,"audioPlay":true,"sceneViewState":{"showFog":true,"showMaterialUpdate":true,"showSkybox":true,"showFlares":true,"showImageEffects":true,"showParticleSystems":true},"in2DMode":false,"pivot":{"x":33.73194122314453,"y":-14.445711135864258,"z":3.181966781616211},"rotation":{"x":-0.15505515038967133,"y":-0.8341911435127258,"z":0.29853299260139468,"w":-0.4387487769126892},"size":18.079391479492189,"orthographic":false}