{"cameraMode":{"drawMode":0,"name":"Shaded","section":"Shading Mode"},"sceneLighting":true,"audioPlay":false,"sceneViewState":{"showFog":true,"showMaterialUpdate":false,"showSkybox":true,"showFlares":true,"showImageEffects":true,"showParticleSystems":true},"in2DMode":false,"pivot":{"x":0.789454996585846,"y":-3.482051372528076,"z":-2.723031759262085},"rotation":{"x":-0.11856703460216522,"y":-0.8603869676589966,"z":0.4384296238422394,"w":-0.23237833380699159},"size":3.14591121673584,"orthographic":false}