{"cameraMode":{"drawMode":0,"name":"Shaded","section":"Shading Mode"},"sceneLighting":true,"audioPlay":false,"sceneViewState":{"showFog":true,"showMaterialUpdate":true,"showSkybox":true,"showFlares":true,"showImageEffects":true,"showParticleSystems":true},"in2DMode":false,"pivot":{"x":67.35133361816406,"y":-46.53706359863281,"z":-54.837318420410159},"rotation":{"x":0.10362295061349869,"y":0.8944804668426514,"z":-0.2978959083557129,"w":0.3220815062522888},"size":48.971248626708987,"orthographic":false}