{"cameraMode":{"drawMode":0,"name":"Shaded","section":"Shading Mode"},"sceneLighting":true,"audioPlay":false,"sceneViewState":{"showFog":true,"showMaterialUpdate":true,"showSkybox":true,"showFlares":true,"showImageEffects":true,"showParticleSystems":true},"in2DMode":false,"pivot":{"x":45.63164138793945,"y":28.503175735473634,"z":-7.1925048828125},"rotation":{"x":-0.009288884699344635,"y":0.9166895151138306,"z":-0.4025794267654419,"w":-0.019807126373052598},"size":10.301698684692383,"orthographic":false}